order_id,product,category,quantity,price_per_unit,total_price,order_date
0,Shirt,Automotive,1,60.0,60.0,2024-02-14
1,Gloves,Furniture,6,70.0,420.0,2023-11-23
2,Gloves,Beauty,10,1000.0,10000.0,2023-12-09
3,Socks,Outdoors,1,130.0,130.0,2024-01-30
4,Basketball,Outdoors,3,110.0,330.0,2024-01-13
5,Shirt,Pets,5,140.0,700.0,2024-04-10
6,Gloves,Toys,8,100.0,800.0,2024-02-19
7,Hammer,Office,5,180.0,900.0,2024-02-13
8,Gloves,Tools,5,50.0,250.0,2023-10-23
9,Shoes,Automotive,10,180.0,1800.0,2023-11-12
10,Socks,Office,2,180.0,360.0,2024-05-25
11,Hammer,Drinks,7,140.0,980.0,2024-04-02
12,Gloves,Office,10,140.0,1400.0,2023-06-21
13,Jacket,Office,5,10.0,50.0,2024-03-07
14,Shirt,Jewelry,7,190.0,1330.0,2023-09-01
15,Laptop,Tools,3,10.0,30.0,2024-03-13
16,Shirt,Electronics,10,60.0,600.0,2023-12-13
17,Socks,Kitchen,10,200.0,2000.0,2023-10-14
18,Laptop,Office,6,160.0,960.0,2024-02-10
19,Shirt,Clothing,6,130.0,780.0,2023-09-04
20,Laptop,Outdoors,3,200.0,600.0,2023-08-06
21,Basketball,Outdoors,1,130.0,130.0,2024-01-24
22,Pants,Drinks,8,180.0,1440.0,2023-11-07
23,Shoes,Jewelry,5,110.0,550.0,2023-08-08
24,Hammer,Automotive,2,1000.0,2000.0,2024-04-25
25,Gloves,Food,9,130.0,1170.0,2024-03-04
26,Hammer,Sports,10,10.0,100.0,2023-10-20
27,Pants,Drinks,1,170.0,170.0,2023-11-10
28,Socks,Clothing,6,120.0,720.0,2023-11-24
29,Hat,Outdoors,5,200.0,1000.0,2024-03-17
30,Laptop,Furniture,7,10.0,70.0,2024-02-12
31,Hat,Toys,1,120.0,120.0,2024-05-09
32,Jacket,Furniture,5,80.0,400.0,2023-08-18
33,Socks,Electronics,7,130.0,910.0,2023-10-01
34,Jacket,Sports,5,30.0,150.0,2024-02-21
35,Gloves,Automotive,2,180.0,360.0,2024-03-28
36,Hat,Jewelry,1,20.0,20.0,2023-10-11
37,Hammer,Automotive,7,100.0,700.0,2023-10-11
38,Pants,Outdoors,6,10.0,60.0,2023-12-02
39,Laptop,Movies,4,50.0,200.0,2024-02-27
40,Jacket,Electronics,6,20.0,120.0,2024-04-07
41,Laptop,Pets,7,10.0,70.0,2024-04-03
42,Laptop,Outdoors,2,200.0,400.0,2023-07-05
43,Jacket,Furniture,1,70.0,70.0,2023-11-03
44,Gloves,Food,7,170.0,1190.0,2024-01-29
45,Shoes,Movies,5,110.0,550.0,2024-02-01
46,Shoes,Food,7,150.0,1050.0,2023-11-15
47,Shoes,Outdoors,8,20.0,160.0,2024-01-01
48,Hammer,Tools,7,200.0,1400.0,2023-09-18
49,Pants,Movies,1,100.0,100.0,2024-05-11
50,Hammer,Toys,10,110.0,1100.0,2023-07-21
51,Hat,Books,3,180.0,540.0,2024-02-14
52,Shoes,Food,10,40.0,400.0,2023-08-07
53,Hammer,Movies,8,170.0,1360.0,2023-07-02
54,Jacket,Automotive,6,10.0,60.0,2023-08-05
55,Socks,Books,8,10.0,80.0,2024-03-07
56,Pants,Sports,6,120.0,720.0,2024-06-04
57,Gloves,Automotive,9,200.0,1800.0,2024-02-27
58,Shoes,Drinks,2,30.0,60.0,2023-10-30
59,Shoes,Toys,4,130.0,520.0,2024-05-18
60,Hammer,Clothing,4,10.0,40.0,2024-05-02
61,Hat,Toys,1,20.0,20.0,2024-05-06
62,Jacket,Health,2,150.0,300.0,2023-09-22
63,Laptop,Automotive,4,1000.0,4000.0,2023-09-02
64,Shirt,Outdoors,3,120.0,360.0,2023-09-20
65,Basketball,Drinks,4,180.0,720.0,2023-06-23
66,Hat,Tools,8,60.0,480.0,2023-09-21
67,Shoes,Garden,2,70.0,140.0,2024-03-29
68,Gloves,Office,10,140.0,1400.0,2023-06-17
69,Shirt,Furniture,4,130.0,520.0,2023-06-12
70,Pants,Jewelry,7,80.0,560.0,2023-09-13
71,Pants,Clothing,7,60.0,420.0,2024-01-05
72,Shoes,Clothing,5,60.0,300.0,2023-08-23
73,Hammer,Garden,1,20.0,20.0,2023-07-10
74,Shirt,Jewelry,7,100.0,700.0,2023-12-02
75,Socks,Automotive,1,40.0,40.0,2023-08-27
76,Laptop,Toys,8,20.0,160.0,2024-04-03
77,Gloves,Books,6,110.0,660.0,2024-05-28
78,Laptop,Outdoors,10,200.0,2000.0,2024-05-16
79,Laptop,Food,6,20.0,120.0,2023-11-21
80,Hat,Beauty,5,20.0,100.0,2024-02-01
81,Hat,Kitchen,2,120.0,240.0,2024-04-26
82,Pants,Sports,9,180.0,1620.0,2023-08-20
83,Socks,Health,4,150.0,600.0,2023-12-22
84,Hat,Pets,7,70.0,490.0,2023-09-01
85,Jacket,Food,8,80.0,640.0,2023-07-10
86,Gloves,Kitchen,3,160.0,480.0,2024-04-02
87,Laptop,Food,3,160.0,480.0,2023-12-30
88,Shirt,Toys,8,40.0,320.0,2023-12-21
89,Laptop,Electronics,2,100.0,200.0,2023-07-25
90,Hat,Garden,7,110.0,770.0,2023-10-14
91,Hammer,Jewelry,10,200.0,2000.0,2023-06-15
92,Jacket,Outdoors,9,130.0,1170.0,2024-03-04
93,Socks,Furniture,10,60.0,600.0,2024-06-07
94,Pants,Music,4,120.0,480.0,2023-07-06
95,Hammer,Automotive,2,160.0,320.0,2023-09-17
96,Laptop,Kitchen,2,130.0,260.0,2023-10-14
97,Gloves,Food,2,140.0,280.0,2023-11-17
98,Pants,Kitchen,3,30.0,90.0,2024-03-06
99,Hat,Electronics,6,170.0,1020.0,2023-06-29
100,Jacket,Pets,10,130.0,1300.0,2024-01-24
101,Hat,Electronics,2,1000.0,2000.0,2024-04-23
102,Laptop,Automotive,5,60.0,300.0,2024-05-14
103,Basketball,Health,6,10.0,60.0,2023-11-30
104,Gloves,Books,10,80.0,800.0,2023-09-19
105,Basketball,Automotive,4,120.0,480.0,2024-02-21
106,Jacket,Food,6,40.0,240.0,2024-04-03
107,Gloves,Sports,3,130.0,390.0,2023-08-15
108,Hammer,Food,10,60.0,600.0,2024-02-11
109,Laptop,Garden,6,190.0,1140.0,2024-04-02
110,Socks,Kitchen,1,70.0,70.0,2024-05-09
111,Shirt,Automotive,5,80.0,400.0,2024-02-21
112,Pants,Automotive,9,120.0,1080.0,2023-11-06
113,Hat,Garden,7,160.0,1120.0,2023-09-27
114,Pants,Beauty,10,20.0,200.0,2024-04-17
115,Gloves,Tools,2,30.0,60.0,2023-11-29
116,Socks,Outdoors,2,20.0,40.0,2024-04-14
117,Basketball,Furniture,1,140.0,140.0,2023-09-29
118,Jacket,Drinks,2,80.0,160.0,2023-11-22
119,Gloves,Music,3,1000.0,3000.0,2024-05-21
120,Basketball,Sports,6,160.0,960.0,2024-04-04
121,Jacket,Automotive,9,200.0,1800.0,2023-10-14
122,Jacket,Toys,10,120.0,1200.0,2024-04-20
123,Shirt,Jewelry,5,70.0,350.0,2023-06-20
124,Basketball,Movies,3,190.0,570.0,2024-01-31
125,Shirt,Electronics,8,80.0,640.0,2024-01-13
126,Socks,Beauty,3,110.0,330.0,2023-12-31
127,Hat,Pets,2,170.0,340.0,2023-09-23
128,Laptop,Beauty,7,200.0,1400.0,2024-01-10
129,Pants,Sports,6,120.0,720.0,2024-05-19
130,Pants,Movies,9,190.0,1710.0,2024-03-18
131,Hammer,Office,1,190.0,190.0,2024-01-05
132,Gloves,Books,7,20.0,140.0,2024-04-09
133,Jacket,Clothing,1,180.0,180.0,2023-12-04
134,Hat,Tools,3,1000.0,3000.0,2023-09-03
135,Shoes,Toys,1,50.0,50.0,2023-09-06
136,Shirt,Automotive,3,130.0,390.0,2024-03-27
137,Pants,Outdoors,8,20.0,160.0,2024-06-03
138,Shirt,Sports,3,30.0,90.0,2023-08-25
139,Jacket,Music,8,80.0,640.0,2024-06-06
140,Hammer,Electronics,1,40.0,40.0,2023-12-10
141,Basketball,Garden,6,150.0,900.0,2023-10-11
142,Jacket,Kitchen,2,190.0,380.0,2023-11-09
143,Laptop,Electronics,7,50.0,350.0,2023-08-26
144,Jacket,Furniture,9,190.0,1710.0,2024-04-03
145,Pants,Toys,8,90.0,720.0,2023-08-20
146,Gloves,Drinks,8,10.0,80.0,2023-09-05
147,Hat,Pets,8,70.0,560.0,2023-08-07
148,Pants,Jewelry,5,150.0,750.0,2024-02-27
149,Socks,Clothing,10,90.0,900.0,2023-06-27
150,Hat,Music,8,1000.0,8000.0,2023-11-22
151,Basketball,Pets,7,150.0,1050.0,2023-12-07
152,Laptop,Beauty,1,150.0,150.0,2024-03-03
153,Shoes,Drinks,1,10.0,10.0,2024-04-15
154,Pants,Health,10,200.0,2000.0,2023-12-31
155,Laptop,Food,1,70.0,70.0,2024-04-28
156,Hat,Outdoors,2,40.0,80.0,2023-08-12
157,Gloves,Beauty,1,30.0,30.0,2024-02-24
158,Hammer,Office,8,130.0,1040.0,2023-11-14
159,Pants,Books,4,60.0,240.0,2024-03-15
160,Basketball,Garden,5,20.0,100.0,2023-12-11
161,Shirt,Automotive,2,10.0,20.0,2023-09-10
162,Socks,Outdoors,4,10.0,40.0,2023-09-16
163,Socks,Garden,1,50.0,50.0,2023-11-23
164,Laptop,Drinks,6,90.0,540.0,2023-09-27
165,Jacket,Furniture,3,10.0,30.0,2023-12-15
166,Gloves,Outdoors,6,170.0,1020.0,2023-06-19
167,Laptop,Toys,2,150.0,300.0,2023-11-10
168,Jacket,Toys,8,150.0,1200.0,2023-07-28
169,Basketball,Electronics,4,180.0,720.0,2024-01-26
170,Shirt,Garden,9,200.0,1800.0,2023-12-28
171,Shoes,Pets,3,130.0,390.0,2024-03-06
172,Shirt,Drinks,5,150.0,750.0,2023-12-25
173,Pants,Furniture,5,110.0,550.0,2023-06-22
174,Pants,Garden,2,100.0,200.0,2024-04-13
175,Basketball,Clothing,9,30.0,270.0,2024-01-19
176,Pants,Office,5,200.0,1000.0,2023-08-17
177,Pants,Health,7,40.0,280.0,2023-12-28
178,Gloves,Food,4,120.0,480.0,2023-10-16
179,Pants,Drinks,5,140.0,700.0,2024-01-21
180,Shirt,Toys,10,110.0,1100.0,2024-06-02
181,Basketball,Outdoors,2,160.0,320.0,2023-12-01
182,Jacket,Drinks,7,50.0,350.0,2024-06-04
183,Gloves,Music,10,30.0,300.0,2024-02-04
184,Hat,Electronics,1,130.0,130.0,2023-11-07
185,Pants,Food,7,110.0,770.0,2023-08-24
186,Shirt,Health,6,180.0,1080.0,2024-05-08
187,Socks,Toys,7,140.0,980.0,2023-11-09
188,Basketball,Food,8,150.0,1200.0,2024-04-30
189,Gloves,Furniture,7,140.0,980.0,2024-04-18
190,Basketball,Clothing,10,100.0,1000.0,2023-09-01
191,Pants,Furniture,2,60.0,120.0,2024-02-23
192,Gloves,Clothing,4,40.0,160.0,2023-12-24
193,Hat,Drinks,8,200.0,1600.0,2023-12-05
194,Basketball,Garden,6,120.0,720.0,2023-11-25
195,Pants,Books,3,1000.0,3000.0,2024-01-05
196,Hammer,Drinks,7,160.0,1120.0,2023-10-25
197,Laptop,Music,10,100.0,1000.0,2023-12-01
198,Gloves,Pets,9,60.0,540.0,2023-08-06
199,Pants,Garden,2,170.0,340.0,2024-05-27
200,Jacket,Food,1,190.0,190.0,2023-09-24
201,Basketball,Automotive,4,20.0,80.0,2023-08-25
202,Basketball,Toys,5,1000.0,5000.0,2024-01-04
203,Hat,Garden,2,130.0,260.0,2024-01-31
204,Hammer,Furniture,4,90.0,360.0,2024-05-30
205,Jacket,Sports,4,190.0,760.0,2024-05-22
206,Socks,Electronics,7,100.0,700.0,2023-12-14
207,Shirt,Movies,2,20.0,40.0,2023-06-16
208,Gloves,Toys,9,60.0,540.0,2023-08-05
209,Hammer,Sports,10,200.0,2000.0,2023-06-23
210,Hammer,Clothing,2,10.0,20.0,2024-02-22
211,Pants,Sports,1,20.0,20.0,2023-11-22
212,Shirt,Health,8,130.0,1040.0,2024-01-26
213,Laptop,Pets,5,200.0,1000.0,2023-08-29
214,Socks,Movies,3,70.0,210.0,2023-11-27
215,Jacket,Food,4,50.0,200.0,2024-05-26
216,Gloves,Books,8,130.0,1040.0,2024-06-07
217,Hat,Office,1,40.0,40.0,2023-12-07
218,Basketball,Kitchen,8,110.0,880.0,2023-07-10
219,Gloves,Music,1,100.0,100.0,2023-09-05
220,Jacket,Beauty,5,150.0,750.0,2024-05-24
221,Pants,Clothing,3,70.0,210.0,2023-09-30
222,Jacket,Kitchen,3,150.0,450.0,2024-05-17
223,Socks,Office,5,60.0,300.0,2024-01-20
224,Basketball,Drinks,9,60.0,540.0,2023-09-09
225,Laptop,Kitchen,7,40.0,280.0,2024-01-13
226,Laptop,Books,3,150.0,450.0,2023-09-08
227,Shoes,Tools,7,130.0,910.0,2023-06-27
228,Pants,Electronics,9,110.0,990.0,2023-06-28
229,Hammer,Automotive,2,190.0,380.0,2023-11-05
230,Shirt,Pets,3,80.0,240.0,2024-03-26
231,Shirt,Furniture,9,70.0,630.0,2024-02-06
232,Laptop,Beauty,2,40.0,80.0,2023-08-29
233,Socks,Kitchen,8,180.0,1440.0,2023-07-12
234,Shoes,Electronics,3,20.0,60.0,2024-04-27
235,Basketball,Garden,10,120.0,1200.0,2023-08-11
236,Socks,Garden,1,180.0,180.0,2023-06-21
237,Hammer,Pets,2,110.0,220.0,2023-08-11
238,Gloves,Beauty,7,90.0,630.0,2023-06-14
239,Basketball,Furniture,1,160.0,160.0,2024-01-08
240,Jacket,Drinks,1,140.0,140.0,2023-12-01
241,Pants,Health,10,70.0,700.0,2023-07-14
242,Laptop,Pets,4,200.0,800.0,2023-08-09
243,Shirt,Food,2,100.0,200.0,2023-07-21
244,Pants,Sports,4,170.0,680.0,2023-12-01
245,Laptop,Electronics,2,120.0,240.0,2023-12-02
246,Shoes,Tools,9,180.0,1620.0,2023-08-13
247,Basketball,Kitchen,10,110.0,1100.0,2024-01-27
248,Laptop,Movies,9,100.0,900.0,2023-10-07
249,Shirt,Clothing,5,200.0,1000.0,2024-01-11
250,Socks,Garden,1,190.0,190.0,2024-04-13
251,Socks,Office,7,40.0,280.0,2023-11-24
252,Jacket,Beauty,2,90.0,180.0,2024-05-14
253,Jacket,Furniture,9,30.0,270.0,2024-01-05
254,Shoes,Pets,3,1000.0,3000.0,2023-06-24
255,Hammer,Office,2,110.0,220.0,2023-08-29
256,Hammer,Office,6,30.0,180.0,2024-05-19
257,Shirt,Jewelry,2,70.0,140.0,2024-04-15
258,Pants,Garden,9,80.0,720.0,2024-03-25
259,Hammer,Kitchen,9,80.0,720.0,2023-11-01
260,Socks,Toys,8,130.0,1040.0,2023-07-31
261,Hat,Toys,3,200.0,600.0,2023-07-21
262,Jacket,Kitchen,3,50.0,150.0,2023-12-25
263,Hammer,Music,10,190.0,1900.0,2023-11-08
264,Shirt,Clothing,2,20.0,40.0,2023-09-07
265,Shirt,Health,1,1000.0,1000.0,2024-01-12
266,Hammer,Kitchen,1,80.0,80.0,2024-05-08
267,Shirt,Furniture,5,70.0,350.0,2023-12-09
268,Hammer,Drinks,5,150.0,750.0,2024-02-12
269,Shoes,Food,5,110.0,550.0,2024-02-16
270,Pants,Outdoors,8,130.0,1040.0,2024-01-19
271,Jacket,Electronics,5,10.0,50.0,2024-02-05
272,Shoes,Movies,10,180.0,1800.0,2023-11-08
273,Socks,Garden,6,70.0,420.0,2024-03-02
274,Basketball,Electronics,3,70.0,210.0,2023-12-06
275,Basketball,Furniture,3,150.0,450.0,2024-05-14
276,Shoes,Jewelry,2,60.0,120.0,2024-06-01
277,Basketball,Electronics,1,100.0,100.0,2024-03-12
278,Hammer,Automotive,6,70.0,420.0,2023-09-05
279,Shirt,Pets,3,30.0,90.0,2024-02-06
280,Laptop,Movies,2,160.0,320.0,2023-12-23
281,Hat,Beauty,1,70.0,70.0,2024-04-19
282,Shirt,Outdoors,4,120.0,480.0,2023-11-25
283,Shoes,Food,3,180.0,540.0,2023-10-16
284,Shoes,Movies,6,140.0,840.0,2024-02-21
285,Pants,Outdoors,1,110.0,110.0,2024-01-23
286,Laptop,Toys,3,10.0,30.0,2024-05-13
287,Gloves,Office,4,130.0,520.0,2024-02-12
288,Laptop,Drinks,2,90.0,180.0,2024-04-27
289,Gloves,Drinks,9,160.0,1440.0,2023-11-04
290,Hammer,Outdoors,1,150.0,150.0,2023-08-01
291,Gloves,Kitchen,1,100.0,100.0,2024-04-25
292,Hammer,Automotive,10,10.0,100.0,2023-06-24
293,Shoes,Toys,8,170.0,1360.0,2023-10-22
294,Shoes,Pets,2,130.0,260.0,2024-02-06
295,Jacket,Pets,7,20.0,140.0,2023-08-07
296,Pants,Tools,5,50.0,250.0,2024-03-06
297,Laptop,Beauty,2,30.0,60.0,2024-05-24
298,Shoes,Clothing,5,190.0,950.0,2023-12-20
299,Hat,Pets,5,170.0,850.0,2024-04-19
300,Basketball,Jewelry,2,180.0,360.0,2024-02-09
301,Gloves,Tools,8,150.0,1200.0,2023-07-28
302,Gloves,Sports,2,80.0,160.0,2023-07-31
303,Laptop,Sports,5,190.0,950.0,2023-07-31
304,Hammer,Automotive,8,70.0,560.0,2024-05-24
305,Pants,Clothing,3,10.0,30.0,2023-08-29
306,Laptop,Music,8,120.0,960.0,2023-11-27
307,Hammer,Tools,7,90.0,630.0,2023-09-06
308,Shirt,Clothing,9,180.0,1620.0,2024-04-07
309,Gloves,Outdoors,8,150.0,1200.0,2024-02-21
310,Pants,Electronics,3,110.0,330.0,2024-05-08
311,Basketball,Movies,3,130.0,390.0,2024-05-30
312,Basketball,Toys,4,170.0,680.0,2023-11-04
313,Shirt,Sports,4,60.0,240.0,2024-02-29
314,Hammer,Furniture,6,140.0,840.0,2024-03-15
315,Laptop,Toys,1,140.0,140.0,2023-09-20
316,Basketball,Office,10,20.0,200.0,2023-12-10
317,Hat,Books,9,130.0,1170.0,2023-06-09
318,Laptop,Automotive,8,100.0,800.0,2024-04-05
319,Hammer,Food,7,80.0,560.0,2023-10-26
320,Jacket,Food,7,190.0,1330.0,2024-02-20
321,Pants,Tools,4,90.0,360.0,2023-08-02
322,Socks,Electronics,9,40.0,360.0,2023-10-25
323,Jacket,Jewelry,6,150.0,900.0,2023-12-28
324,Hammer,Office,1,70.0,70.0,2023-08-26
325,Gloves,Sports,8,80.0,640.0,2024-02-01
326,Pants,Garden,8,10.0,80.0,2024-01-17
327,Jacket,Sports,1,10.0,10.0,2024-04-16
328,Laptop,Pets,4,150.0,600.0,2023-08-20
329,Jacket,Toys,9,50.0,450.0,2023-07-16
330,Hat,Kitchen,10,60.0,600.0,2023-10-11
331,Shoes,Garden,6,30.0,180.0,2023-09-27
332,Pants,Sports,6,150.0,900.0,2024-03-26
333,Socks,Pets,6,50.0,300.0,2023-10-01
334,Shirt,Toys,1,90.0,90.0,2023-10-24
335,Laptop,Toys,3,160.0,480.0,2024-04-16
336,Socks,Electronics,4,30.0,120.0,2024-01-08
337,Socks,Garden,9,130.0,1170.0,2023-08-31
338,Hammer,Sports,8,80.0,640.0,2023-06-30
339,Laptop,Music,10,1000.0,10000.0,2023-06-25
340,Hammer,Sports,2,90.0,180.0,2023-10-16
341,Pants,Food,8,200.0,1600.0,2024-02-22
342,Hat,Drinks,4,60.0,240.0,2023-11-04
343,Laptop,Clothing,7,110.0,770.0,2023-11-11
344,Jacket,Toys,7,190.0,1330.0,2024-04-12
345,Jacket,Toys,6,200.0,1200.0,2023-09-13
346,Hammer,Food,1,60.0,60.0,2024-05-21
347,Laptop,Health,6,160.0,960.0,2024-05-25
348,Shirt,Food,1,80.0,80.0,2023-10-20
349,Shirt,Music,5,30.0,150.0,2024-03-11
350,Shoes,Toys,5,40.0,200.0,2024-02-23
351,Jacket,Sports,6,80.0,480.0,2023-12-27
352,Shirt,Electronics,10,120.0,1200.0,2023-10-18
353,Shirt,Movies,8,40.0,320.0,2024-03-28
354,Socks,Drinks,10,50.0,500.0,2023-11-10
355,Socks,Pets,3,190.0,570.0,2024-01-22
356,Hammer,Tools,9,90.0,810.0,2023-08-18
357,Pants,Beauty,10,130.0,1300.0,2023-09-14
358,Socks,Outdoors,10,10.0,100.0,2024-02-26
359,Shoes,Beauty,10,200.0,2000.0,2023-12-14
360,Gloves,Electronics,9,140.0,1260.0,2023-08-15
361,Gloves,Food,2,200.0,400.0,2024-01-29
362,Basketball,Automotive,7,150.0,1050.0,2023-08-26
363,Gloves,Electronics,9,190.0,1710.0,2023-07-21
364,Laptop,Jewelry,4,190.0,760.0,2024-04-03
365,Hammer,Garden,3,110.0,330.0,2024-01-27
366,Hammer,Outdoors,3,170.0,510.0,2023-07-04
367,Hat,Clothing,5,10.0,50.0,2023-08-25
368,Basketball,Sports,9,20.0,180.0,2023-11-14
369,Hammer,Pets,2,50.0,100.0,2024-04-13
370,Shoes,Furniture,8,70.0,560.0,2023-06-18
371,Shirt,Music,1,110.0,110.0,2023-07-20
372,Jacket,Beauty,3,190.0,570.0,2023-09-28
373,Pants,Garden,5,60.0,300.0,2023-08-21
374,Socks,Pets,6,20.0,120.0,2023-09-18
375,Basketball,Drinks,5,80.0,400.0,2023-06-16
376,Socks,Furniture,3,30.0,90.0,2024-04-06
377,Jacket,Pets,9,180.0,1620.0,2023-11-11
378,Hammer,Kitchen,10,30.0,300.0,2024-02-27
379,Socks,Food,10,140.0,1400.0,2023-11-14
380,Socks,Music,4,100.0,400.0,2023-07-06
381,Shoes,Outdoors,7,1000.0,7000.0,2023-06-13
382,Shoes,Automotive,7,140.0,980.0,2023-12-06
383,Shirt,Food,4,90.0,360.0,2024-01-23
384,Socks,Pets,8,170.0,1360.0,2023-07-19
385,Hammer,Sports,5,90.0,450.0,2023-12-16
386,Gloves,Books,7,110.0,770.0,2024-02-09
387,Jacket,Pets,7,90.0,630.0,2024-05-27
388,Pants,Drinks,8,140.0,1120.0,2024-04-24
389,Shoes,Office,4,50.0,200.0,2024-02-24
390,Shoes,Music,2,140.0,280.0,2024-03-30
391,Gloves,Automotive,4,150.0,600.0,2023-11-21
392,Jacket,Food,2,180.0,360.0,2024-04-04
393,Laptop,Health,8,70.0,560.0,2023-12-29
394,Shoes,Jewelry,9,100.0,900.0,2023-09-15
395,Gloves,Outdoors,3,70.0,210.0,2023-06-10
396,Shoes,Furniture,8,70.0,560.0,2023-06-22
397,Shirt,Toys,8,1000.0,8000.0,2023-07-20
398,Laptop,Books,8,70.0,560.0,2023-08-07
399,Jacket,Garden,2,20.0,40.0,2024-01-28
400,Hat,Beauty,10,200.0,2000.0,2024-05-23
401,Shirt,Books,4,170.0,680.0,2024-05-21
402,Laptop,Health,7,160.0,1120.0,2024-03-16
403,Basketball,Health,3,150.0,450.0,2024-06-04
404,Socks,Toys,3,10.0,30.0,2024-01-05
405,Hat,Toys,8,200.0,1600.0,2024-05-25
406,Socks,Garden,6,200.0,1200.0,2023-12-23
407,Hammer,Clothing,6,140.0,840.0,2024-01-10
408,Jacket,Food,10,160.0,1600.0,2023-09-30
409,Shoes,Beauty,8,160.0,1280.0,2024-05-31
410,Gloves,Beauty,2,100.0,200.0,2024-05-28
411,Pants,Office,9,1000.0,9000.0,2023-11-15
412,Basketball,Health,9,30.0,270.0,2023-11-12
413,Pants,Toys,1,130.0,130.0,2024-05-29
414,Pants,Toys,9,20.0,180.0,2023-08-26
415,Shirt,Music,7,50.0,350.0,2023-09-24
416,Pants,Tools,6,110.0,660.0,2023-11-06
417,Shirt,Music,3,60.0,180.0,2024-04-09
418,Jacket,Music,2,170.0,340.0,2023-06-27
419,Gloves,Garden,10,150.0,1500.0,2023-06-15
420,Basketball,Books,2,160.0,320.0,2023-09-12
421,Pants,Jewelry,1,120.0,120.0,2024-04-15
422,Basketball,Food,2,110.0,220.0,2023-11-04
423,Socks,Tools,8,130.0,1040.0,2024-03-08
424,Hammer,Outdoors,10,60.0,600.0,2024-04-09
425,Pants,Office,7,1000.0,7000.0,2023-12-15
426,Shirt,Jewelry,7,70.0,490.0,2023-08-07
427,Socks,Tools,6,170.0,1020.0,2024-04-20
428,Shirt,Automotive,7,110.0,770.0,2023-07-25
429,Shoes,Drinks,1,100.0,100.0,2023-11-26
430,Gloves,Tools,9,150.0,1350.0,2023-09-11
431,Jacket,Kitchen,6,110.0,660.0,2023-07-26
432,Laptop,Movies,4,100.0,400.0,2024-01-05
433,Jacket,Tools,8,130.0,1040.0,2023-10-05
434,Basketball,Furniture,7,60.0,420.0,2023-09-22
435,Shoes,Toys,1,130.0,130.0,2024-01-16
436,Basketball,Garden,9,120.0,1080.0,2024-02-08
437,Shirt,Kitchen,2,50.0,100.0,2023-08-09
438,Basketball,Garden,5,80.0,400.0,2023-12-19
439,Shoes,Music,7,50.0,350.0,2023-07-30
440,Socks,Garden,5,130.0,650.0,2024-06-01
441,Hat,Sports,1,90.0,90.0,2023-08-01
442,Pants,Toys,5,190.0,950.0,2024-02-13
443,Hat,Jewelry,9,190.0,1710.0,2024-01-22
444,Hat,Movies,9,110.0,990.0,2023-07-02
445,Shoes,Movies,4,100.0,400.0,2024-03-07
446,Basketball,Sports,6,150.0,900.0,2024-01-15
447,Hat,Automotive,5,90.0,450.0,2023-08-07
448,Shirt,Drinks,8,110.0,880.0,2024-03-03
449,Shirt,Food,6,160.0,960.0,2024-03-06
450,Laptop,Tools,8,20.0,160.0,2023-09-29
451,Basketball,Movies,7,180.0,1260.0,2024-05-05
452,Jacket,Office,2,40.0,80.0,2023-10-13
453,Gloves,Sports,4,120.0,480.0,2024-01-18
454,Shirt,Movies,8,100.0,800.0,2023-09-02
455,Basketball,Clothing,7,70.0,490.0,2024-01-09
456,Basketball,Tools,2,150.0,300.0,2024-05-18
457,Jacket,Pets,1,70.0,70.0,2023-09-17
458,Basketball,Office,4,190.0,760.0,2024-01-27
459,Shoes,Movies,6,20.0,120.0,2023-09-06
460,Socks,Health,8,170.0,1360.0,2023-11-03
461,Hammer,Drinks,2,120.0,240.0,2023-10-21
462,Pants,Music,8,140.0,1120.0,2024-06-08
463,Shoes,Clothing,5,190.0,950.0,2023-11-29
464,Shoes,Health,9,60.0,540.0,2024-03-29
465,Gloves,Toys,1,140.0,140.0,2024-02-04
466,Gloves,Beauty,1,20.0,20.0,2023-08-08
467,Gloves,Electronics,10,80.0,800.0,2024-03-26
468,Shoes,Books,4,100.0,400.0,2023-10-28
469,Hammer,Food,4,150.0,600.0,2023-11-15
470,Hat,Music,10,80.0,800.0,2023-06-21
471,Shoes,Drinks,9,40.0,360.0,2024-04-21
472,Hammer,Sports,9,90.0,810.0,2023-10-06
473,Jacket,Jewelry,5,20.0,100.0,2023-11-12
474,Laptop,Books,7,20.0,140.0,2023-07-05
475,Hammer,Clothing,7,20.0,140.0,2024-01-31
476,Gloves,Music,5,10.0,50.0,2023-06-25
477,Hammer,Sports,10,10.0,100.0,2023-08-08
478,Basketball,Drinks,9,60.0,540.0,2024-04-21
479,Shoes,Furniture,7,170.0,1190.0,2024-04-16
480,Hammer,Movies,8,200.0,1600.0,2023-09-23
481,Gloves,Clothing,4,70.0,280.0,2023-10-01
482,Shirt,Movies,9,10.0,90.0,2023-07-03
483,Pants,Automotive,2,120.0,240.0,2024-05-16
484,Socks,Kitchen,3,80.0,240.0,2024-02-12
485,Laptop,Health,3,20.0,60.0,2024-04-16
486,Laptop,Tools,1,130.0,130.0,2023-10-31
487,Gloves,Sports,10,200.0,2000.0,2023-10-03
488,Hat,Outdoors,5,90.0,450.0,2023-12-30
489,Shoes,Pets,10,130.0,1300.0,2023-12-24
490,Hammer,Furniture,6,200.0,1200.0,2024-04-19
491,Hammer,Tools,6,160.0,960.0,2023-06-27
492,Pants,Kitchen,3,40.0,120.0,2023-08-31
493,Laptop,Automotive,4,1000.0,4000.0,2023-09-17
494,Hammer,Electronics,4,40.0,160.0,2024-03-22
495,Basketball,Outdoors,3,150.0,450.0,2023-11-23
496,Hammer,Kitchen,7,80.0,560.0,2024-01-14
497,Pants,Tools,10,80.0,800.0,2023-07-06
498,Socks,Movies,4,150.0,600.0,2023-06-21
499,Gloves,Drinks,7,10.0,70.0,2024-02-09
500,Jacket,Drinks,6,1000.0,6000.0,2024-02-17
501,Gloves,Clothing,10,40.0,400.0,2024-02-09
502,Shirt,Beauty,3,100.0,300.0,2023-07-07
503,Shirt,Toys,3,90.0,270.0,2023-06-23
504,Laptop,Garden,3,80.0,240.0,2024-03-03
505,Hat,Furniture,5,10.0,50.0,2023-09-14
506,Pants,Food,10,170.0,1700.0,2024-02-21
507,Shirt,Music,9,20.0,180.0,2023-10-21
508,Socks,Electronics,6,1000.0,6000.0,2023-07-31
509,Jacket,Music,10,140.0,1400.0,2023-11-03
510,Gloves,Books,6,170.0,1020.0,2023-07-31
511,Hat,Automotive,1,190.0,190.0,2024-02-10
512,Jacket,Furniture,8,140.0,1120.0,2023-11-10
513,Basketball,Music,3,140.0,420.0,2024-05-10
514,Pants,Tools,7,40.0,280.0,2024-05-31
515,Gloves,Health,2,150.0,300.0,2024-06-06
516,Laptop,Sports,5,190.0,950.0,2024-03-23
517,Laptop,Music,10,60.0,600.0,2023-11-21
518,Gloves,Sports,4,80.0,320.0,2024-05-12
519,Basketball,Sports,8,170.0,1360.0,2023-10-21
520,Shirt,Garden,7,30.0,210.0,2024-06-08
521,Pants,Beauty,6,120.0,720.0,2023-12-13
522,Socks,Drinks,3,200.0,600.0,2023-10-17
523,Gloves,Music,1,80.0,80.0,2023-10-15
524,Gloves,Beauty,9,1000.0,9000.0,2024-04-05
525,Shoes,Furniture,7,180.0,1260.0,2023-11-28
526,Pants,Health,9,30.0,270.0,2023-06-14
527,Shoes,Furniture,1,80.0,80.0,2024-04-30
528,Laptop,Clothing,7,100.0,700.0,2023-11-20
529,Shoes,Beauty,9,1000.0,9000.0,2024-02-12
530,Laptop,Toys,1,140.0,140.0,2023-10-18
531,Basketball,Food,8,90.0,720.0,2023-07-16
532,Shoes,Movies,6,110.0,660.0,2024-03-11
533,Gloves,Health,6,160.0,960.0,2023-08-20
534,Hat,Electronics,10,180.0,1800.0,2024-01-24
535,Gloves,Automotive,3,200.0,600.0,2023-06-19
536,Hammer,Furniture,2,200.0,400.0,2024-06-02
537,Socks,Health,4,190.0,760.0,2023-11-09
538,Laptop,Beauty,6,20.0,120.0,2023-12-21
539,Socks,Drinks,7,20.0,140.0,2024-02-19
540,Laptop,Health,1,110.0,110.0,2023-10-28
541,Shirt,Drinks,1,180.0,180.0,2023-11-23
542,Basketball,Automotive,4,50.0,200.0,2023-11-10
543,Gloves,Health,1,20.0,20.0,2024-05-23
544,Jacket,Garden,10,200.0,2000.0,2024-01-12
545,Laptop,Food,8,10.0,80.0,2023-11-28
546,Socks,Health,6,90.0,540.0,2024-05-31
547,Jacket,Music,9,140.0,1260.0,2024-05-31
548,Gloves,Music,3,100.0,300.0,2023-11-13
549,Gloves,Outdoors,7,30.0,210.0,2024-01-26
550,Laptop,Pets,9,20.0,180.0,2024-06-03
551,Jacket,Beauty,2,150.0,300.0,2024-02-11
552,Basketball,Garden,1,110.0,110.0,2023-09-13
553,Laptop,Automotive,8,170.0,1360.0,2023-07-10
554,Socks,Food,1,80.0,80.0,2023-06-26
555,Shirt,Kitchen,1,200.0,200.0,2024-05-27
556,Shirt,Clothing,2,10.0,20.0,2023-10-14
557,Jacket,Automotive,10,110.0,1100.0,2024-04-08
558,Basketball,Garden,2,140.0,280.0,2024-01-08
559,Laptop,Books,8,30.0,240.0,2024-02-25
560,Gloves,Tools,1,170.0,170.0,2024-04-27
561,Jacket,Food,4,200.0,800.0,2024-04-09
562,Basketball,Automotive,1,170.0,170.0,2024-01-31
563,Hat,Jewelry,9,20.0,180.0,2023-11-19
564,Jacket,Music,10,150.0,1500.0,2023-07-31
565,Socks,Health,10,190.0,1900.0,2023-12-29
566,Pants,Jewelry,3,20.0,60.0,2023-10-04
567,Gloves,Jewelry,7,200.0,1400.0,2023-06-27
568,Basketball,Drinks,4,180.0,720.0,2023-06-09
569,Shirt,Pets,9,180.0,1620.0,2024-05-06
570,Hat,Pets,3,50.0,150.0,2023-09-11
571,Laptop,Sports,7,70.0,490.0,2023-11-15
572,Socks,Food,7,110.0,770.0,2024-05-24
573,Shoes,Office,1,120.0,120.0,2024-01-12
574,Jacket,Books,2,80.0,160.0,2023-11-06
575,Gloves,Drinks,10,90.0,900.0,2023-10-19
576,Hat,Furniture,10,140.0,1400.0,2024-04-08
577,Shirt,Pets,1,120.0,120.0,2024-01-28
578,Shoes,Music,6,170.0,1020.0,2023-07-11
579,Hammer,Health,7,150.0,1050.0,2024-02-29
580,Laptop,Jewelry,9,190.0,1710.0,2023-12-24
581,Shoes,Movies,3,110.0,330.0,2023-11-04
582,Laptop,Electronics,1,170.0,170.0,2024-04-12
583,Hammer,Tools,5,180.0,900.0,2023-06-29
584,Shoes,Kitchen,7,1000.0,7000.0,2024-02-17
585,Shirt,Toys,1,60.0,60.0,2023-10-30
586,Hat,Garden,1,160.0,160.0,2023-07-31
587,Hat,Beauty,8,60.0,480.0,2023-10-06
588,Basketball,Health,4,90.0,360.0,2023-10-22
589,Gloves,Toys,5,180.0,900.0,2023-07-18
590,Shoes,Beauty,6,10.0,60.0,2023-11-26
591,Pants,Office,10,10.0,100.0,2023-11-03
592,Socks,Outdoors,7,1000.0,7000.0,2023-12-02
593,Hammer,Outdoors,1,130.0,130.0,2023-12-23
594,Socks,Jewelry,1,100.0,100.0,2023-07-03
595,Hammer,Toys,1,200.0,200.0,2023-10-11
596,Pants,Furniture,10,150.0,1500.0,2024-02-17
597,Hammer,Electronics,3,100.0,300.0,2023-09-05
598,Shoes,Outdoors,5,200.0,1000.0,2024-06-02
599,Socks,Garden,3,70.0,210.0,2023-08-26
600,Socks,Furniture,8,40.0,320.0,2023-07-08
601,Basketball,Music,8,80.0,640.0,2024-02-07
602,Hat,Drinks,3,30.0,90.0,2024-03-23
603,Socks,Pets,5,60.0,300.0,2024-02-10
604,Basketball,Pets,4,180.0,720.0,2023-08-25
605,Shoes,Health,6,200.0,1200.0,2024-02-06
606,Basketball,Jewelry,5,120.0,600.0,2024-03-10
607,Jacket,Beauty,4,190.0,760.0,2024-03-27
608,Hat,Office,8,20.0,160.0,2024-04-27
609,Gloves,Jewelry,7,100.0,700.0,2024-03-20
610,Hat,Drinks,1,130.0,130.0,2024-01-23
611,Hat,Drinks,1,130.0,130.0,2024-02-24
612,Pants,Office,3,10.0,30.0,2024-04-26
613,Shoes,Furniture,2,150.0,300.0,2024-06-03
614,Shoes,Jewelry,3,100.0,300.0,2024-03-18
615,Pants,Music,5,160.0,800.0,2024-04-17
616,Basketball,Clothing,6,10.0,60.0,2024-06-06
617,Shoes,Toys,7,40.0,280.0,2024-01-11
618,Laptop,Toys,9,160.0,1440.0,2024-04-18
619,Pants,Tools,4,160.0,640.0,2023-11-01
620,Jacket,Pets,7,60.0,420.0,2024-05-22
621,Basketball,Furniture,4,150.0,600.0,2024-05-29
622,Pants,Furniture,6,40.0,240.0,2024-06-05
623,Basketball,Movies,10,120.0,1200.0,2024-05-17
624,Hammer,Pets,7,10.0,70.0,2024-02-22
625,Hammer,Music,2,10.0,20.0,2023-07-27
626,Basketball,Clothing,6,70.0,420.0,2024-01-28
627,Gloves,Tools,8,60.0,480.0,2024-01-07
628,Pants,Office,5,160.0,800.0,2023-08-08
629,Shoes,Sports,6,110.0,660.0,2024-03-10
630,Shoes,Jewelry,2,100.0,200.0,2023-08-09
631,Gloves,Sports,1,200.0,200.0,2023-06-27
632,Hammer,Health,3,130.0,390.0,2023-07-11
633,Shoes,Pets,3,50.0,150.0,2023-09-01
634,Shoes,Office,2,10.0,20.0,2024-01-25
635,Socks,Books,9,200.0,1800.0,2024-05-13
636,Hat,Sports,8,170.0,1360.0,2024-01-04
637,Gloves,Garden,9,200.0,1800.0,2024-05-13
638,Laptop,Music,2,130.0,260.0,2023-09-14
639,Pants,Music,5,20.0,100.0,2023-11-21
640,Socks,Health,1,150.0,150.0,2024-04-03
641,Jacket,Furniture,7,50.0,350.0,2024-01-18
642,Shoes,Garden,3,170.0,510.0,2024-02-27
643,Basketball,Drinks,3,10.0,30.0,2023-12-12
644,Laptop,Sports,8,40.0,320.0,2023-08-28
645,Socks,Drinks,9,30.0,270.0,2023-12-17
646,Hat,Garden,7,50.0,350.0,2023-08-05
647,Gloves,Beauty,8,50.0,400.0,2024-01-04
648,Laptop,Health,4,10.0,40.0,2024-05-19
649,Basketball,Garden,1,150.0,150.0,2023-09-01
650,Shirt,Movies,1,1000.0,1000.0,2023-09-07
651,Socks,Automotive,2,170.0,340.0,2024-01-04
652,Gloves,Office,7,150.0,1050.0,2023-08-03
653,Jacket,Kitchen,9,130.0,1170.0,2023-08-18
654,Jacket,Electronics,1,60.0,60.0,2023-06-24
655,Jacket,Pets,4,180.0,720.0,2024-04-17
656,Basketball,Beauty,5,90.0,450.0,2023-06-13
657,Laptop,Sports,7,50.0,350.0,2024-02-19
658,Laptop,Office,10,1000.0,10000.0,2023-07-18
659,Shirt,Beauty,8,30.0,240.0,2024-04-17
660,Shirt,Jewelry,1,80.0,80.0,2023-12-26
661,Basketball,Clothing,1,20.0,20.0,2024-01-17
662,Pants,Outdoors,1,10.0,10.0,2023-10-22
663,Basketball,Sports,6,50.0,300.0,2024-05-27
664,Basketball,Outdoors,6,200.0,1200.0,2023-07-09
665,Pants,Outdoors,6,10.0,60.0,2023-07-07
666,Shirt,Furniture,3,50.0,150.0,2024-01-08
667,Laptop,Drinks,1,150.0,150.0,2023-06-20
668,Hammer,Sports,2,10.0,20.0,2024-06-05
669,Jacket,Beauty,7,80.0,560.0,2024-05-31
670,Laptop,Garden,3,90.0,270.0,2024-02-15
671,Basketball,Outdoors,2,200.0,400.0,2023-09-25
672,Shirt,Sports,4,140.0,560.0,2024-04-03
673,Hat,Outdoors,8,200.0,1600.0,2024-05-23
674,Jacket,Music,8,50.0,400.0,2023-10-19
675,Hammer,Clothing,10,50.0,500.0,2024-02-25
676,Shoes,Drinks,9,20.0,180.0,2023-09-14
677,Basketball,Food,6,70.0,420.0,2024-03-12
678,Hat,Electronics,6,180.0,1080.0,2024-03-30
679,Socks,Books,10,130.0,1300.0,2024-03-29
680,Laptop,Automotive,1,180.0,180.0,2023-07-24
681,Shoes,Automotive,6,90.0,540.0,2023-11-26
682,Shirt,Music,1,100.0,100.0,2024-05-30
683,Jacket,Books,10,200.0,2000.0,2024-03-17
684,Hat,Office,4,130.0,520.0,2023-10-05
685,Basketball,Books,5,90.0,450.0,2024-02-26
686,Jacket,Outdoors,9,1000.0,9000.0,2024-03-14
687,Gloves,Music,9,100.0,900.0,2023-11-26
688,Jacket,Beauty,6,180.0,1080.0,2023-12-16
689,Shirt,Beauty,7,50.0,350.0,2023-07-13
690,Shoes,Garden,9,110.0,990.0,2024-06-07
691,Laptop,Pets,8,110.0,880.0,2024-05-12
692,Hat,Sports,5,1000.0,5000.0,2024-05-23
693,Socks,Drinks,10,100.0,1000.0,2023-12-27
694,Gloves,Automotive,9,110.0,990.0,2023-11-07
695,Shoes,Toys,1,170.0,170.0,2023-09-01
696,Shoes,Kitchen,5,200.0,1000.0,2023-11-10
697,Jacket,Tools,2,40.0,80.0,2023-09-09
698,Pants,Drinks,10,170.0,1700.0,2024-02-05
699,Hat,Automotive,9,20.0,180.0,2023-09-30
700,Shirt,Movies,10,20.0,200.0,2023-09-21
701,Hammer,Outdoors,1,130.0,130.0,2023-07-09
702,Hammer,Food,4,50.0,200.0,2023-12-05
703,Laptop,Office,6,110.0,660.0,2023-11-16
704,Gloves,Electronics,1,140.0,140.0,2023-08-02
705,Pants,Office,9,60.0,540.0,2024-05-24
706,Basketball,Sports,6,100.0,600.0,2024-01-19
707,Hammer,Outdoors,5,160.0,800.0,2024-02-20
708,Hat,Pets,10,100.0,1000.0,2023-10-06
709,Basketball,Sports,5,150.0,750.0,2023-06-16
710,Basketball,Outdoors,9,200.0,1800.0,2023-09-02
711,Shirt,Kitchen,6,200.0,1200.0,2024-03-21
712,Laptop,Tools,7,90.0,630.0,2023-09-17
713,Socks,Clothing,4,10.0,40.0,2023-12-11
714,Pants,Pets,5,1000.0,5000.0,2023-09-20
715,Shirt,Pets,5,70.0,350.0,2023-09-15
716,Laptop,Office,9,90.0,810.0,2024-01-07
717,Jacket,Jewelry,5,1000.0,5000.0,2023-11-01
718,Pants,Clothing,9,40.0,360.0,2023-07-10
719,Hammer,Kitchen,8,30.0,240.0,2024-01-12
720,Basketball,Sports,6,170.0,1020.0,2023-12-21
721,Pants,Clothing,8,60.0,480.0,2024-05-17
722,Laptop,Beauty,8,140.0,1120.0,2023-11-27
723,Hat,Jewelry,7,50.0,350.0,2023-07-01
724,Pants,Tools,4,180.0,720.0,2023-10-09
725,Socks,Office,8,40.0,320.0,2023-12-12
726,Basketball,Beauty,10,190.0,1900.0,2023-07-05
727,Pants,Clothing,10,60.0,600.0,2024-01-17
728,Shirt,Pets,1,160.0,160.0,2023-06-30
729,Shirt,Jewelry,7,1000.0,7000.0,2023-10-16
730,Basketball,Jewelry,2,140.0,280.0,2023-11-18
731,Pants,Sports,4,120.0,480.0,2024-03-09
732,Basketball,Garden,6,40.0,240.0,2024-05-21
733,Shoes,Tools,9,60.0,540.0,2024-01-11
734,Socks,Pets,2,20.0,40.0,2023-08-21
735,Jacket,Electronics,10,20.0,200.0,2023-11-23
736,Laptop,Jewelry,9,100.0,900.0,2024-05-09
737,Socks,Food,7,110.0,770.0,2023-12-14
738,Jacket,Health,1,150.0,150.0,2023-11-02
739,Gloves,Garden,1,10.0,10.0,2023-08-10
740,Gloves,Kitchen,4,200.0,800.0,2023-09-18
741,Socks,Office,1,150.0,150.0,2024-03-24
742,Socks,Outdoors,9,10.0,90.0,2023-12-09
743,Pants,Food,9,50.0,450.0,2023-09-21
744,Hammer,Sports,10,90.0,900.0,2023-10-22
745,Pants,Furniture,9,90.0,810.0,2024-01-28
746,Hat,Jewelry,4,80.0,320.0,2023-11-20
747,Hammer,Office,7,180.0,1260.0,2023-06-13
748,Shoes,Clothing,10,130.0,1300.0,2023-09-25
749,Socks,Toys,3,40.0,120.0,2023-10-30
750,Laptop,Jewelry,4,60.0,240.0,2023-12-15
751,Gloves,Clothing,1,1000.0,1000.0,2023-11-06
752,Shirt,Music,1,110.0,110.0,2023-08-20
753,Shoes,Food,2,70.0,140.0,2024-02-11
754,Jacket,Food,3,80.0,240.0,2023-07-28
755,Socks,Toys,7,80.0,560.0,2023-08-17
756,Socks,Tools,5,40.0,200.0,2024-05-19
757,Shoes,Office,9,120.0,1080.0,2024-02-02
758,Socks,Books,10,40.0,400.0,2023-11-23
759,Jacket,Toys,8,20.0,160.0,2023-12-12
760,Shirt,Sports,7,110.0,770.0,2023-11-26
761,Laptop,Music,5,130.0,650.0,2023-07-17
762,Gloves,Sports,4,130.0,520.0,2023-06-09
763,Gloves,Music,8,40.0,320.0,2023-12-15
764,Pants,Furniture,1,180.0,180.0,2023-06-22
765,Laptop,Music,3,120.0,360.0,2023-06-10
766,Shoes,Kitchen,4,80.0,320.0,2023-11-02
767,Jacket,Clothing,4,120.0,480.0,2024-03-27
768,Shoes,Food,1,40.0,40.0,2024-02-27
769,Pants,Music,1,30.0,30.0,2023-07-31
770,Gloves,Tools,7,100.0,700.0,2023-09-24
771,Shoes,Kitchen,1,180.0,180.0,2023-11-01
772,Laptop,Kitchen,10,20.0,200.0,2023-09-25
773,Gloves,Health,1,10.0,10.0,2023-09-20
774,Laptop,Furniture,4,110.0,440.0,2024-01-30
775,Pants,Garden,1,10.0,10.0,2023-06-11
776,Jacket,Pets,1,30.0,30.0,2024-01-29
777,Gloves,Music,2,120.0,240.0,2024-02-03
778,Laptop,Beauty,9,100.0,900.0,2023-11-29
779,Hat,Books,9,180.0,1620.0,2023-11-05
780,Socks,Clothing,7,140.0,980.0,2023-11-05
781,Basketball,Toys,4,30.0,120.0,2023-09-16
782,Shoes,Automotive,1,170.0,170.0,2023-12-19
783,Basketball,Books,7,110.0,770.0,2023-10-30
784,Pants,Tools,7,150.0,1050.0,2023-09-06
785,Socks,Books,4,190.0,760.0,2023-09-23
786,Hat,Toys,4,130.0,520.0,2023-07-18
787,Pants,Food,3,20.0,60.0,2024-05-14
788,Hat,Health,5,100.0,500.0,2023-06-17
789,Shirt,Pets,10,160.0,1600.0,2024-02-15
790,Shirt,Sports,10,200.0,2000.0,2024-04-09
791,Hat,Drinks,5,200.0,1000.0,2023-06-25
792,Jacket,Food,4,200.0,800.0,2023-09-02
793,Jacket,Movies,4,50.0,200.0,2024-03-04
794,Hammer,Pets,4,50.0,200.0,2024-01-28
795,Hammer,Health,5,1000.0,5000.0,2023-10-28
796,Gloves,Electronics,4,150.0,600.0,2024-02-21
797,Socks,Toys,6,200.0,1200.0,2023-06-16
798,Socks,Office,7,40.0,280.0,2024-02-06
799,Shirt,Jewelry,9,190.0,1710.0,2023-12-03
800,Hat,Music,5,200.0,1000.0,2023-09-06
801,Socks,Tools,2,60.0,120.0,2024-01-15
802,Laptop,Drinks,6,50.0,300.0,2023-07-24
803,Shoes,Clothing,8,170.0,1360.0,2023-08-06
804,Basketball,Sports,5,150.0,750.0,2024-04-14
805,Shoes,Kitchen,9,10.0,90.0,2024-05-10
806,Laptop,Automotive,4,150.0,600.0,2023-11-19
807,Basketball,Sports,6,120.0,720.0,2024-04-06
808,Hammer,Beauty,6,140.0,840.0,2023-10-24
809,Jacket,Sports,6,120.0,720.0,2023-09-20
810,Pants,Drinks,3,80.0,240.0,2024-06-07
811,Pants,Food,2,180.0,360.0,2024-01-29
812,Basketball,Drinks,3,80.0,240.0,2024-05-24
813,Basketball,Outdoors,9,200.0,1800.0,2024-05-23
814,Hat,Beauty,6,50.0,300.0,2024-06-08
815,Basketball,Kitchen,9,130.0,1170.0,2024-02-19
816,Laptop,Beauty,1,150.0,150.0,2023-07-23
817,Basketball,Kitchen,10,190.0,1900.0,2024-06-07
818,Basketball,Automotive,2,20.0,40.0,2024-04-30
819,Pants,Food,3,30.0,90.0,2023-09-28
820,Laptop,Beauty,7,150.0,1050.0,2024-03-07
821,Gloves,Books,8,110.0,880.0,2023-12-30
822,Gloves,Electronics,9,190.0,1710.0,2024-03-20
823,Laptop,Food,4,150.0,600.0,2023-09-30
824,Hat,Electronics,8,140.0,1120.0,2024-05-09
825,Laptop,Office,8,70.0,560.0,2023-10-24
826,Jacket,Sports,7,30.0,210.0,2024-04-27
827,Hammer,Clothing,4,40.0,160.0,2023-09-05
828,Basketball,Kitchen,7,190.0,1330.0,2024-06-01
829,Pants,Food,7,170.0,1190.0,2024-05-05
830,Hat,Health,8,140.0,1120.0,2023-10-26
831,Shirt,Furniture,8,70.0,560.0,2023-12-09
832,Pants,Automotive,9,90.0,810.0,2024-02-16
833,Shirt,Kitchen,7,1000.0,7000.0,2023-06-19
834,Laptop,Music,3,80.0,240.0,2023-08-17
835,Pants,Food,7,1000.0,7000.0,2023-09-16
836,Shirt,Clothing,3,100.0,300.0,2024-04-27
837,Hat,Sports,10,160.0,1600.0,2024-05-28
838,Laptop,Clothing,6,180.0,1080.0,2023-11-08
839,Gloves,Music,6,120.0,720.0,2024-01-06
840,Pants,Clothing,4,130.0,520.0,2024-04-14
841,Laptop,Music,5,90.0,450.0,2023-10-12
842,Shirt,Music,4,10.0,40.0,2023-06-26
843,Laptop,Clothing,10,30.0,300.0,2024-06-07
844,Socks,Furniture,2,40.0,80.0,2023-06-13
845,Laptop,Electronics,1,90.0,90.0,2024-04-12
846,Socks,Outdoors,4,20.0,80.0,2023-11-17
847,Basketball,Kitchen,10,80.0,800.0,2023-12-19
848,Shirt,Toys,5,80.0,400.0,2024-01-06
849,Socks,Electronics,6,60.0,360.0,2024-03-06
850,Jacket,Office,5,30.0,150.0,2023-10-31
851,Shoes,Clothing,1,120.0,120.0,2024-02-09
852,Socks,Office,3,60.0,180.0,2023-10-22
853,Gloves,Music,6,80.0,480.0,2024-01-19
854,Jacket,Sports,3,10.0,30.0,2024-01-29
855,Socks,Automotive,7,110.0,770.0,2024-03-27
856,Gloves,Jewelry,6,20.0,120.0,2023-12-16
857,Laptop,Drinks,10,40.0,400.0,2024-04-09
858,Shoes,Outdoors,9,170.0,1530.0,2023-11-13
859,Jacket,Books,5,80.0,400.0,2024-04-22
860,Socks,Office,6,60.0,360.0,2024-05-19
861,Hat,Clothing,2,110.0,220.0,2023-11-20
862,Basketball,Automotive,1,10.0,10.0,2023-10-12
863,Gloves,Automotive,4,120.0,480.0,2023-10-19
864,Hammer,Clothing,7,110.0,770.0,2024-03-11
865,Hat,Kitchen,7,140.0,980.0,2023-11-12
866,Gloves,Kitchen,10,40.0,400.0,2024-05-18
867,Hat,Tools,4,90.0,360.0,2024-02-04
868,Hammer,Pets,1,30.0,30.0,2024-03-08
869,Jacket,Outdoors,6,100.0,600.0,2023-09-10
870,Hammer,Tools,7,110.0,770.0,2024-04-16
871,Basketball,Food,8,170.0,1360.0,2024-05-14
872,Socks,Automotive,8,30.0,240.0,2024-03-17
873,Hammer,Kitchen,4,110.0,440.0,2023-09-22
874,Jacket,Books,4,200.0,800.0,2024-01-25
875,Hammer,Toys,8,70.0,560.0,2024-01-07
876,Gloves,Food,4,70.0,280.0,2024-06-04
877,Gloves,Tools,7,10.0,70.0,2023-11-01
878,Jacket,Jewelry,5,160.0,800.0,2023-08-28
879,Hat,Sports,9,60.0,540.0,2024-05-11
880,Gloves,Pets,6,10.0,60.0,2024-03-19
881,Gloves,Furniture,4,70.0,280.0,2024-04-06
882,Basketball,Kitchen,4,190.0,760.0,2024-02-23
883,Pants,Furniture,6,40.0,240.0,2023-10-11
884,Hammer,Furniture,8,90.0,720.0,2023-06-14
885,Shoes,Health,4,160.0,640.0,2024-01-31
886,Shoes,Garden,6,30.0,180.0,2023-06-18
887,Basketball,Books,4,40.0,160.0,2023-12-22
888,Shirt,Health,9,130.0,1170.0,2024-03-04
889,Laptop,Outdoors,9,200.0,1800.0,2023-08-17
890,Hammer,Drinks,6,50.0,300.0,2024-05-01
891,Pants,Toys,9,130.0,1170.0,2024-04-29
892,Jacket,Outdoors,6,190.0,1140.0,2023-12-08
893,Basketball,Kitchen,1,170.0,170.0,2023-12-23
894,Gloves,Beauty,8,180.0,1440.0,2024-01-12
895,Pants,Tools,6,50.0,300.0,2024-02-08
896,Laptop,Kitchen,3,40.0,120.0,2024-02-29
897,Shirt,Sports,9,90.0,810.0,2023-12-21
898,Shoes,Kitchen,1,180.0,180.0,2023-11-03
899,Hammer,Electronics,2,30.0,60.0,2023-11-30
900,Laptop,Health,8,10.0,80.0,2023-08-18
901,Pants,Electronics,9,60.0,540.0,2023-09-25
902,Shirt,Clothing,2,170.0,340.0,2024-04-29
903,Laptop,Movies,7,100.0,700.0,2023-07-04
904,Hammer,Outdoors,2,100.0,200.0,2023-10-04
905,Jacket,Music,7,170.0,1190.0,2024-03-04
906,Pants,Food,4,200.0,800.0,2023-08-29
907,Hat,Books,4,100.0,400.0,2024-04-12
908,Laptop,Kitchen,6,50.0,300.0,2024-04-25
909,Pants,Movies,10,180.0,1800.0,2023-06-14
910,Laptop,Pets,3,40.0,120.0,2023-11-24
911,Shirt,Sports,2,50.0,100.0,2023-09-11
912,Gloves,Movies,7,110.0,770.0,2024-03-02
913,Jacket,Clothing,7,50.0,350.0,2024-04-13
914,Shoes,Office,10,100.0,1000.0,2023-10-02
915,Shirt,Drinks,7,190.0,1330.0,2023-09-07
916,Shirt,Food,2,160.0,320.0,2024-04-17
917,Shirt,Sports,7,140.0,980.0,2024-06-05
918,Shoes,Outdoors,6,180.0,1080.0,2024-05-21
919,Shirt,Furniture,5,80.0,400.0,2023-12-01
920,Basketball,Sports,5,200.0,1000.0,2023-08-15
921,Basketball,Music,9,80.0,720.0,2023-11-07
922,Hammer,Drinks,10,180.0,1800.0,2024-03-21
923,Shirt,Health,10,120.0,1200.0,2024-03-07
924,Pants,Beauty,6,90.0,540.0,2023-12-12
925,Gloves,Outdoors,5,90.0,450.0,2024-02-27
926,Hat,Beauty,8,80.0,640.0,2023-06-17
927,Jacket,Office,3,190.0,570.0,2024-02-13
928,Laptop,Office,10,140.0,1400.0,2023-10-17
929,Gloves,Electronics,5,190.0,950.0,2023-11-12
930,Jacket,Food,8,80.0,640.0,2023-12-06
931,Pants,Pets,1,80.0,80.0,2023-10-24
932,Basketball,Music,7,50.0,350.0,2024-03-24
933,Gloves,Drinks,4,180.0,720.0,2023-11-13
934,Socks,Sports,9,140.0,1260.0,2023-10-26
935,Laptop,Clothing,6,90.0,540.0,2023-11-13
936,Basketball,Health,8,30.0,240.0,2023-11-24
937,Shoes,Garden,6,110.0,660.0,2023-08-23
938,Socks,Food,6,110.0,660.0,2024-06-07
939,Basketball,Music,2,80.0,160.0,2023-12-20
940,Socks,Health,2,90.0,180.0,2023-08-26
941,Basketball,Movies,2,150.0,300.0,2023-12-23
942,Hammer,Automotive,9,110.0,990.0,2024-01-18
943,Hammer,Furniture,1,40.0,40.0,2023-06-12
944,Laptop,Food,3,40.0,120.0,2024-02-19
945,Basketball,Furniture,3,100.0,300.0,2024-04-07
946,Jacket,Tools,9,20.0,180.0,2024-04-14
947,Hat,Drinks,1,110.0,110.0,2024-06-04
948,Pants,Furniture,5,180.0,900.0,2023-08-27
949,Basketball,Drinks,2,200.0,400.0,2023-10-19
950,Laptop,Automotive,9,100.0,900.0,2024-06-07
951,Socks,Music,5,140.0,700.0,2023-12-26
952,Shoes,Food,2,160.0,320.0,2024-04-19
953,Hat,Kitchen,6,110.0,660.0,2023-09-17
954,Laptop,Garden,6,180.0,1080.0,2023-07-05
955,Hat,Music,2,190.0,380.0,2023-10-19
956,Laptop,Tools,9,160.0,1440.0,2023-08-24
957,Laptop,Clothing,7,130.0,910.0,2024-03-30
958,Laptop,Furniture,2,10.0,20.0,2023-10-13
959,Pants,Tools,7,170.0,1190.0,2023-07-20
960,Pants,Sports,9,1000.0,9000.0,2023-09-20
961,Socks,Furniture,8,130.0,1040.0,2023-06-29
962,Shoes,Office,8,60.0,480.0,2023-10-20
963,Basketball,Movies,7,130.0,910.0,2023-12-18
964,Gloves,Sports,9,200.0,1800.0,2024-02-19
965,Shirt,Office,1,190.0,190.0,2023-07-20
966,Shirt,Electronics,7,140.0,980.0,2023-11-24
967,Hammer,Music,6,90.0,540.0,2023-12-22
968,Pants,Garden,6,90.0,540.0,2023-09-22
969,Basketball,Pets,5,110.0,550.0,2024-03-22
970,Gloves,Sports,10,20.0,200.0,2023-11-02
971,Hammer,Furniture,3,100.0,300.0,2023-09-14
972,Basketball,Outdoors,3,150.0,450.0,2023-06-16
973,Gloves,Movies,8,40.0,320.0,2023-12-30
974,Laptop,Drinks,3,150.0,450.0,2023-09-24
975,Shirt,Health,7,40.0,280.0,2024-01-18
976,Hammer,Office,8,150.0,1200.0,2023-09-20
977,Gloves,Electronics,6,180.0,1080.0,2023-10-03
978,Socks,Clothing,7,150.0,1050.0,2023-11-21
979,Laptop,Sports,3,80.0,240.0,2023-08-13
980,Socks,Drinks,7,50.0,350.0,2024-03-30
981,Shirt,Tools,6,110.0,660.0,2023-06-11
982,Jacket,Jewelry,2,140.0,280.0,2024-01-03
983,Laptop,Garden,7,120.0,840.0,2024-05-15
984,Laptop,Kitchen,9,170.0,1530.0,2024-03-09
985,Hammer,Drinks,1,1000.0,1000.0,2024-05-24
986,Pants,Clothing,4,130.0,520.0,2024-01-06
987,Pants,Sports,5,160.0,800.0,2024-01-16
988,Pants,Toys,6,20.0,120.0,2023-11-18
989,Socks,Furniture,10,40.0,400.0,2024-02-10
990,Hammer,Automotive,10,90.0,900.0,2023-10-25
991,Basketball,Movies,10,90.0,900.0,2023-10-13
992,Shirt,Automotive,4,90.0,360.0,2024-03-26
993,Hammer,Movies,8,20.0,160.0,2023-12-28
994,Shoes,Outdoors,1,80.0,80.0,2023-10-07
995,Hammer,Books,6,100.0,600.0,2023-07-10
996,Hammer,Pets,2,60.0,120.0,2023-10-17
997,Hat,Sports,9,120.0,1080.0,2024-05-10
998,Shirt,Kitchen,5,130.0,650.0,2024-05-11
999,Hammer,Books,10,1000.0,10000.0,2024-03-14
